Event,Crop,Start Month,KATAM Score,KATAM Class,Tool Score,Tool Class,Actual Score,Actual Class,Diverges (K!=T),Tool Closer,Actual Rain Oct (mm)
El Niño 2015-16,Rice,Jan,85,Recommended,65,Caution,85,Recommended,True,False,
El Niño 2015-16,Rice,Feb,85,Recommended,65,Caution,85,Recommended,True,False,
El Niño 2015-16,Rice,Mar,85,Recommended,18,Not Advised,63,Caution,True,False,
El Niño 2015-16,Rice,Apr,38,Not Advised,0,Not Advised,3,Not Advised,False,,
El Niño 2015-16,Rice,May,38,Not Advised,0,Not Advised,0,Not Advised,False,,
El Niño 2015-16,Rice,Jun,10,Not Advised,0,Not Advised,0,Not Advised,False,,
El Niño 2015-16,Rice,Jul,10,Not Advised,0,Not Advised,0,Not Advised,False,,
El Niño 2015-16,Rice,Aug,38,Not Advised,0,Not Advised,3,Not Advised,False,,
El Niño 2015-16,Rice,Sep,63,Caution,10,Not Advised,23,Not Advised,True,True,
El Niño 2015-16,Rice,Oct,85,Recommended,43,Not Advised,63,Caution,True,False,123.12161962129291
El Niño 2015-16,Rice,Nov,85,Recommended,65,Caution,85,Recommended,True,False,
El Niño 2015-16,Rice,Dec,85,Recommended,65,Caution,85,Recommended,True,False,
El Niño 2015-16,Oil Palm,Jan,63,Caution,0,Not Advised,0,Not Advised,True,True,
El Niño 2015-16,Oil Palm,Feb,63,Caution,0,Not Advised,0,Not Advised,True,True,
El Niño 2015-16,Oil Palm,Mar,63,Caution,0,Not Advised,0,Not Advised,True,True,
El Niño 2015-16,Oil Palm,Apr,63,Caution,0,Not Advised,0,Not Advised,True,True,
El Niño 2015-16,Oil Palm,May,63,Caution,0,Not Advised,0,Not Advised,True,True,
El Niño 2015-16,Oil Palm,Jun,63,Caution,0,Not Advised,0,Not Advised,True,True,
El Niño 2015-16,Oil Palm,Jul,63,Caution,0,Not Advised,0,Not Advised,True,True,
El Niño 2015-16,Oil Palm,Aug,63,Caution,0,Not Advised,3,Not Advised,True,True,
El Niño 2015-16,Oil Palm,Sep,63,Caution,0,Not Advised,10,Not Advised,True,True,
El Niño 2015-16,Oil Palm,Oct,63,Caution,0,Not Advised,38,Not Advised,True,True,123.12161962129291
El Niño 2015-16,Oil Palm,Nov,63,Caution,0,Not Advised,63,Caution,True,False,
El Niño 2015-16,Oil Palm,Dec,63,Caution,0,Not Advised,63,Caution,True,False,
El Niño 2015-16,Cassava,Jan,85,Recommended,80,Recommended,85,Recommended,False,,
El Niño 2015-16,Cassava,Feb,85,Recommended,58,Caution,63,Caution,True,True,
El Niño 2015-16,Cassava,Mar,85,Recommended,58,Caution,18,Not Advised,True,False,
El Niño 2015-16,Cassava,Apr,85,Recommended,33,Not Advised,18,Not Advised,True,True,
El Niño 2015-16,Cassava,May,85,Recommended,33,Not Advised,18,Not Advised,True,True,
El Niño 2015-16,Cassava,Jun,85,Recommended,13,Not Advised,10,Not Advised,True,True,
El Niño 2015-16,Cassava,Jul,85,Recommended,33,Not Advised,18,Not Advised,True,True,
El Niño 2015-16,Cassava,Aug,85,Recommended,33,Not Advised,38,Not Advised,True,True,
El Niño 2015-16,Cassava,Sep,85,Recommended,80,Recommended,63,Caution,False,,
El Niño 2015-16,Cassava,Oct,85,Recommended,80,Recommended,85,Recommended,False,,123.12161962129291
El Niño 2015-16,Cassava,Nov,85,Recommended,80,Recommended,85,Recommended,False,,
El Niño 2015-16,Cassava,Dec,85,Recommended,80,Recommended,85,Recommended,False,,
La Niña 2010-11,Rice,Jan,85,Recommended,88,Recommended,85,Recommended,False,,
La Niña 2010-11,Rice,Feb,85,Recommended,88,Recommended,85,Recommended,False,,
La Niña 2010-11,Rice,Mar,85,Recommended,88,Recommended,85,Recommended,False,,
La Niña 2010-11,Rice,Apr,38,Not Advised,88,Recommended,85,Recommended,True,True,
La Niña 2010-11,Rice,May,38,Not Advised,88,Recommended,85,Recommended,True,True,
La Niña 2010-11,Rice,Jun,10,Not Advised,88,Recommended,85,Recommended,True,True,
La Niña 2010-11,Rice,Jul,10,Not Advised,88,Recommended,85,Recommended,True,True,
La Niña 2010-11,Rice,Aug,38,Not Advised,88,Recommended,85,Recommended,True,True,
La Niña 2010-11,Rice,Sep,63,Caution,88,Recommended,85,Recommended,True,True,
La Niña 2010-11,Rice,Oct,85,Recommended,88,Recommended,85,Recommended,False,,340.30418131624236
La Niña 2010-11,Rice,Nov,85,Recommended,88,Recommended,85,Recommended,False,,
La Niña 2010-11,Rice,Dec,85,Recommended,88,Recommended,85,Recommended,False,,
La Niña 2010-11,Oil Palm,Jan,63,Caution,86,Recommended,85,Recommended,True,True,
La Niña 2010-11,Oil Palm,Feb,63,Caution,86,Recommended,85,Recommended,True,True,
La Niña 2010-11,Oil Palm,Mar,63,Caution,86,Recommended,85,Recommended,True,True,
La Niña 2010-11,Oil Palm,Apr,63,Caution,86,Recommended,85,Recommended,True,True,
La Niña 2010-11,Oil Palm,May,63,Caution,86,Recommended,85,Recommended,True,True,
La Niña 2010-11,Oil Palm,Jun,63,Caution,86,Recommended,85,Recommended,True,True,
La Niña 2010-11,Oil Palm,Jul,63,Caution,86,Recommended,63,Caution,True,False,
La Niña 2010-11,Oil Palm,Aug,63,Caution,86,Recommended,38,Not Advised,True,False,
La Niña 2010-11,Oil Palm,Sep,63,Caution,86,Recommended,18,Not Advised,True,False,
La Niña 2010-11,Oil Palm,Oct,63,Caution,86,Recommended,18,Not Advised,True,False,340.30418131624236
La Niña 2010-11,Oil Palm,Nov,63,Caution,86,Recommended,18,Not Advised,True,False,
La Niña 2010-11,Oil Palm,Dec,63,Caution,86,Recommended,18,Not Advised,True,False,
La Niña 2010-11,Cassava,Jan,85,Recommended,85,Recommended,85,Recommended,False,,
La Niña 2010-11,Cassava,Feb,85,Recommended,85,Recommended,85,Recommended,False,,
La Niña 2010-11,Cassava,Mar,85,Recommended,85,Recommended,85,Recommended,False,,
La Niña 2010-11,Cassava,Apr,85,Recommended,85,Recommended,85,Recommended,False,,
La Niña 2010-11,Cassava,May,85,Recommended,85,Recommended,85,Recommended,False,,
La Niña 2010-11,Cassava,Jun,85,Recommended,85,Recommended,85,Recommended,False,,
La Niña 2010-11,Cassava,Jul,85,Recommended,85,Recommended,85,Recommended,False,,
La Niña 2010-11,Cassava,Aug,85,Recommended,85,Recommended,85,Recommended,False,,
La Niña 2010-11,Cassava,Sep,85,Recommended,85,Recommended,85,Recommended,False,,
La Niña 2010-11,Cassava,Oct,85,Recommended,85,Recommended,85,Recommended,False,,340.30418131624236
La Niña 2010-11,Cassava,Nov,85,Recommended,85,Recommended,85,Recommended,False,,
La Niña 2010-11,Cassava,Dec,85,Recommended,85,Recommended,85,Recommended,False,,
